Number,Surname,GivenName,EmailAddress,Password
1,Desnoyer,Parfait,ParfaitDesnoyer@cuvox.de,pahvuG4h
2,Lapointe,Tilly,TillyLapointe@fleckens.hu,eigaaGhae6
3,Perrault,Ninette,NinettePerrault@superrito.com,oQuooph7coh
4,Arnoux,Mignonette,MignonetteArnoux@dayrep.com,aT9och8Ohw
5,Gour,Yseult,YseultGour@dayrep.com,WahTh2voh1
6,Salois,Marie,MarieSalois@superrito.com,aes3Aepu8W
7,"de Chateaub",Caresse,CaressedeChateaub@gustr.com,Shiat2uPh
8,Beaulieu,Mercer,MercerBeaulieu@cuvox.de,jooriTha9fai
9,Barrière,Ganelon,GanelonBarriere@cuvox.de,ahfui9ba4B
10,Simard,Virginie,VirginieSimard@teleworm.us,urooLa3zah
11,Thibodeau,Eulalie,EulalieThibodeau@teleworm.us,eiTuun0O
12,Charlesbois,Madelene,MadeleneCharlesbois@jourrapide.com,eeXei9lio
13,Robert,Jewel,JewelRobert@einrot.com,Quoog7eij
14,Grondin,Thiery,ThieryGrondin@cuvox.de,ceeng9Ae
15,Lapresse,Loring,LoringLapresse@cuvox.de,ug2Faxio
16,Paquet,Fusberta,FusbertaPaquet@teleworm.us,Zieraah0
17,Sarrazin,Liane,LianeSarrazin@armyspy.com,Aep1shie9ej
18,Morin,Estelle,EstelleMorin@gustr.com,nain3veeMai
19,Patenaude,Aloin,AloinPatenaude@einrot.com,Oth7eesh3
20,Viens,Isaac,IsaacViens@fleckens.hu,PhiX7hoh
